emp_id,name,age,gender,department,designation,salary,city,join_date,experience_years,rating,email
1001,Kriti Saxena,33,Male,Engineering,Manager,32153, Delhi ,25-04-24,10,3.5,kriti.saxena@company.com
1002,Aadhya nair,,Female,Engineering,Senior,,    Pune  ,24-05-16,15,,aadhya.nair@company.com
1003,BhavNA saxena,56,Male,Engineering,Intern,32123,Pune,28-06-17,34,4.3,bhavna.saxena@company.com
1004,ROHhan Shah,51,Male,Sales,Associate,72798,Mumbai,11-03-15,30,,rohan.shah@company.com
1005,Geeta Nair,45,Female,Engineering,Senior,91113,Kolkata,04-03-21,24,3.6,geeta.nair@company.com
1006,Rahul Gupta,51,Male,Product,VP,209477,Ahmedabad,26-09-19,29,3.2,rahul.gupta@company.com
1007,Karan Mishra,35,Male,Engineering,Senior,82266,Delhi,12-02-24,12,2.8,karan.mishra@company.com
1008,Vivaan Chauhan,27,Female,HR,Associate,65792,Ahmedabad,25-10-22,3,3.5,vivaan.chauhan@company.com
1009,Nikhil Patel,24,Female,Marketing,Senior,85452,Jaipur,14-01-17,1,4.2,nikhil.patel@company.com
1010,Vivaan Bansal,37,Male,Support,Senior,94511,Pune,25-01-24,17,5,vivaan.bansal@company.com
1011,Rohan Sharma,28,Female,Engineering,Lead,95758,Chennai,11-04-21,7,4,rohan.sharma@company.com
1012,Lata Thakur,35,Female,Sales,Junior,49661,Jaipur,21-02-21,15,1.5,lata.thakur@company.com
1013,Karan Saxena,30,Female,Support,Lead,101311,Jaipur,10-06-17,9,,karan.saxena@company.com
1014,Kunal Agarwal,36,Male,Product,Senior,73566,Mumbai,19-05-23,15,3.5,kunal.agarwal@company.com
1015,Ritika Reddy,42,Female,Product,Director,179122,Bangalore,29-07-22,22,,ritika.reddy@company.com
1016,Tanya Malhotra,56,Male,Sales,Associate,56889,Jaipur,02-08-22,35,3.6,tanya.malhotra@company.com
1017,Aadhya Bhat,23,Female,Engineering,Senior,89335,Delhi,25-10-22,0,4.5,aadhya.bhat@company.com
1018,Dev Chopra,48,Male,Finance,Director,161254,Hyderabad,25-06-22,28,3.8,dev.chopra@company.com
1019,Dev Desai,23,Male,Support,Junior,,Hyderabad,13-12-17,0,4.7,dev.desai@company.com
1020,Shweta Kulkarni,56,Female,HR,Director,161442,Delhi,09-10-21,33,3.1,shweta.kulkarni@company.com
1021,Sahil Yadav,39,Male,HR,Lead,98521,Bangalore,12-03-20,16,3.6,sahil.yadav@company.com
1022,Aditya Kumar,35,Female,Sales,Junior,50979,Bangalore,22-05-19,14,4.2,aditya.kumar@company.com
1023,Simran Shah,41,Female,Operations,Associate,,Mumbai,16-02-21,20,3,simran.shah@company.com
1024,Rohan Rao,39,Female,Engineering,Lead,101199,Pune,27-07-23,19,2.9,rohan.rao@company.com
1025,Shreya Mehta,31,Male,Sales,Junior,37291,Ahmedabad,23-03-23,10,3,shreya.mehta@company.com
1026,Vihaan Yadav,46,Female,Marketing,Senior,73160,Bangalore,15-08-18,26,2.9,vihaan.yadav@company.com
1027,Tanya Iyer,23,Male,Marketing,Associate,45112,,21-06-17,2,3.9,tanya.iyer@company.com
1028,Krishna Thakur,46,Male,Engineering,Senior,86515,Mumbai,01-02-19,22,2,krishna.thakur@company.com
1029,Aishwarya Verma,54,Female,Engineering,Intern,34581,Surat,13-12-15,30,2.3,aishwarya.verma@company.com
1030,Tanya Shah,57,Male,Finance,Manager,125924,Kolkata,20-10-20,35,5,tanya.shah@company.com
1031,Varun Saxena,52,Male,Sales,VP,216954,Surat,05-03-25,31,2.9,varun.saxena@company.com
1032,Ayaan Chopra,35,Female,HR,Director,176500,Mumbai,28-10-25,14,3.7,ayaan.chopra@company.com
1033,Tanvi Iyer,22,Male,Engineering,Lead,101523,Jaipur,23-10-24,0,2.3,tanvi.iyer@company.com
1034,Nisha Mehta,37,Male,Marketing,Junior,31424,Ahmedabad,09-10-18,15,3.6,nisha.mehta@company.com
1035,Vihaan Verma,24,Female,HR,Lead,104333,Kolkata,21-12-19,4,2.9,vihaan.verma@company.com
1036,Sai Pandey,56,Male,Engineering,Intern,34552,Surat,21-07-23,34,2.2,sai.pandey@company.com
1037,Vihaan Pandey,27,Female,Sales,Intern,40092,Kolkata,16-10-21,5,4.6,vihaan.pandey@company.com
1038,Yash Mehta,46,Female,Engineering,Associate,55808,Chennai,23-08-18,26,4.4,yash.mehta@company.com
1039,Varun Verma,34,Female,Engineering,Senior,71043,Chennai,16-11-16,13,3.4,varun.verma@company.com
1040,Madhuri Bhat,55,Female,Support,Lead,91989,Chennai,17-03-24,35,4.3,madhuri.bhat@company.com
1041,Sara Malhotra,29,Male,Sales,Lead,108620,Mumbai,02-06-16,7,5,sara.malhotra@company.com
1042,Aadhya Joshi,42,Male,Product,Senior,71261,  Ahmedabad  ,24-10-19,21,4.1,aadhya.joshi@company.com
1043,Rekha Tiwari,55,Female,Sales,Associate,45887,Mumbai,25-10-21,31,3.9,rekha.tiwari@company.com
1044,Dev Joshi,25,Female,Finance,VP,209488,Hyderabad,01-03-20,5,3.7,dev.joshi@company.com
1045,Archana Pillai,46,Male,Operations,Senior,81433,Jaipur,28-01-21,26,4,archana.pillai@company.com
1046,Aishwarya Chauhan,,Male,HR,Senior,85335,Jaipur,01-11-19,15,3.2,aishwarya.chauhan@company.com
1047,Suresh Yadav,25,Male,Marketing,Junior,49944,Chennai,06-02-20,1,3.3,suresh.yadav@company.com
1048,Tanya Bansal,33,Male,Marketing,Lead,101402,Hyderabad,21-07-21,9,,tanya.bansal@company.com
1049,Mohit Saxena,53,Female,Sales,Lead,106205,Bangalore,09-07-18,32,3.1,mohit.saxena@company.com
1050,Aadhya Pillai,53,Male,Support,Associate,67724,Bangalore,20-05-25,30,3.2,aadhya.pillai@company.com
1051,Dhruv Yadav,49,Female,Product,Junior,54442,Chennai,09-04-18,29,3.5,dhruv.yadav@company.com
1052,Nikita Rao,34,Female,Support,Lead,111049,Surat,21-01-20,14,4.4,nikita.rao@company.com
1053,Aarav Menon,52,Male,Engineering,Lead,97253,Mumbai,19-09-18,30,2.6,aarav.menon@company.com
1054,Ayaan Chauhan,35,Female,Operations,Associate,63990,Chennai,05-10-22,14,4.1,ayaan.chauhan@company.com
1055,Yash Nair,41,Male,Support,Director,157846,Pune,29-07-25,19,4.1,yash.nair@company.com
1056,Ayaan Gupta,39,Female,Engineering,Junior,55027,Kolkata,03-03-16,17,4.1,ayaan.gupta@company.com
1057,Tanvi Sharma,50,Female,Engineering,Senior,71432,Jaipur,16-11-21,26,2.9,tanvi.sharma@company.com
1058,Arjun Reddy,27,Female,Operations,Director,163452,Bangalore,05-09-18,7,2.1,arjun.reddy@company.com
1059,Mohit Bansal,53,Female,HR,Senior,78395,Delhi,04-11-22,31,3.9,mohit.bansal@company.com
1060,Reyansh Rao,50,Male,Product,Senior,68765,Bangalore,02-08-21,26,3.7,reyansh.rao@company.com
1061,Bhavna Menon,23,Male,Engineering,Associate,,Jaipur,17-05-15,2,4.3,bhavna.menon@company.com
1062,Meera Sharma,44,Female,Operations,Associate,60950,Kolkata,07-05-20,22,2.9,meera.sharma@company.com
1063,Vishal Tiwari,40,Male,Engineering,VP,202502,Jaipur,05-07-23,20,4.1,vishal.tiwari@company.com
1064,Amit Bhat,52,Male,Engineering,Senior,74741,Delhi,11-03-18,30,4.3,amit.bhat@company.com
1065,Swati Gupta,26,Male,Engineering,Manager,132742,Chennai,09-03-23,5,3.4,swati.gupta@company.com
1066,Varun Joshi,40,Female,Product,Associate,73050,Hyderabad,03-04-20,18,,varun.joshi@company.com
1067,Tanvi Sharma,55,Male,Finance,Associate,69703,,14-11-22,35,3.8,tanvi.sharma@company.com
1068,Abhishek Iyer,31,Female,HR,Intern,20941,Jaipur,30-11-21,7,,abhishek.iyer@company.com
1069,Aditya Sharma,46,Female,Sales,Lead,109028,Jaipur,12-12-17,26,3.9,aditya.sharma@company.com
1070,Arjun Thakur,23,Male,Product,Associate,49855,Pune,27-05-23,0,4.8,arjun.thakur@company.com
1071,Sara Shah,32,Male,Sales,Manager,132931,Pune,22-06-16,9,3.5,sara.shah@company.com
1072,Manish Rao,52,Male,Product,Senior,88580,Ahmedabad,06-12-22,32,2.3,manish.rao@company.com
1073,Vandana Chopra,36,Female,Marketing,Director,172295,Pune,20-04-23,16,3,vandana.chopra@company.com
1074,Gaurav Bansal,30,Male,Sales,Junior,52865,Mumbai,20-03-25,9,2.1,gaurav.bansal@company.com
1075,Sunita Desai,44,Male,,Manager,125166,Hyderabad,24-02-21,22,4.5,sunita.desai@company.com
1076,Yash Shah,40,Male,Sales,Lead,104145,Kolkata,04-05-15,16,4.1,yash.shah@company.com
1077,Kriti Saxena,30,Female,Operations,Lead,105840,Delhi,15-02-15,6,3.1,kriti.saxena@company.com
1078,Vihaan Bhat,56,Male,Marketing,Manager,139240,Jaipur,10-04-23,35,2.4,vihaan.bhat@company.com
1079,Amit Shah,42,Female,Engineering,Lead,110991,Ahmedabad,11-07-25,21,2.8,amit.shah@company.com
1080,Aadhya Nair,30,Female,Product,Senior,87745,Ahmedabad,05-05-18,8,3,aadhya.nair@company.com
1081,Rajesh Singh,49,Male,Sales,Junior,52077,Kolkata,24-01-20,27,3.6,rajesh.singh@company.com
1082,Myra Shah,28,Female,HR,Intern,20788,Hyderabad,11-04-18,8,3.6,myra.shah@company.com
1083,Ritika Desai,37,Male,Product,Director,150201,  Delhi  ,07-10-24,14,4.6,ritika.desai@company.com
1084,Deepak Verma,37,Female,FINANCE,Senior,87544,Bangalore,05-03-18,15,2.9,deepak.verma@company.com
1085,Gaurav Pillai,54,Female,Engineering,Lead,95561,Pune,03-01-23,33,2.3,gaurav.pillai@company.com
1086,Dev Yadav,25,Female,Support,Senior,81901,Chennai,11-05-25,3,2.6,dev.yadav@company.com
1087,Sai Bansal,25,Male,Finance,Junior,37737,Ahmedabad,15-03-24,1,3.5,sai.bansal@company.com
1088,Deepak Menon,38,Male,Sales,Junior,55917,Pune,09-01-25,15,,deepak.menon@company.com
1089,Varun Kulkarni,50,Male,Engineering,Lead,114352,Pune,19-01-21,30,3.3,varun.kulkarni@company.com
1090,Nikhil Bhat,57,Male,Operations,Senior,66988,Mumbai,27-11-25,33,3.1,nikhil.bhat@company.com
1091,Geeta Thakur,56,Male,Finance,Associate,60441,Hyderabad,21-06-19,32,4.3,geeta.thakur@company.com
1092,Dev Sharma,28,Male,HR,Senior,76737,Chennai,20-10-21,5,3,dev.sharma@company.com
1093,Aarav Yadav,48,Male,Product,Junior,59096,bangalore,15-02-18,28,3.2,aarav.yadav@company.com
1094,Manish Bhat,,Male,Operations,Senior,79256,Jaipur,15-07-15,28,4.1,manish.bhat@company.com
1095,Sunita Rao,43,Female,Engineering,Associate,65186,Mumbai,03-01-20,23,3,sunita.rao@company.com
1096,Aditya Shah,35,Male,Sales,Lead,107192,Pune,12-02-24,13,3.8,aditya.shah@company.com
1097,Sandeep Joshi,28,Male,Engineering,Associate,72851,Pune,28-12-18,4,3.8,sandeep.joshi@company.com
1098,Manish Rao,43,Male,Operations,Senior,93230,Surat,15-10-22,21,3.6,manish.rao@company.com
1099,Dev Kumar,26,Male,Engineering,Intern,22162,Chennai,02-05-23,5,2.6,dev.kumar@company.com
1100,Simran Reddy,23,Female,HR,Junior,57010,Chennai,08-11-22,1,4.5,simran.reddy@company.com
1101,Varun Chauhan,48,Male,Operations,Associate,58065,Surat,20-07-24,28,5,varun.chauhan@company.com
1102,Vandana Agarwal,42,Female,Product,Senior,87625,Chennai,31-01-19,20,3.5,vandana.agarwal@company.com
1103,Sneha Chauhan,36,Female,Sales,Senior,79114,Pune,31-05-17,15,2.7,sneha.chauhan@company.com
1104,Kriti Kapoor,42,Female,Product,Associate,,Ahmedabad,20-09-19,21,3.5,kriti.kapoor@company.com
1105,Dev Kapoor,31,Female,Engineering,Lead,90633,Delhi,25-04-15,10,4.3,dev.kapoor@company.com
1106,Jyoti Kulkarni,44,Female,Product,Manager,115755,Pune,01-04-18,24,3,jyoti.kulkarni@company.com
1107,Diya Bhat,26,Female,Engineering,Lead,95825,Mumbai,09-02-25,5,3.4,diya.bhat@company.com
1108,Shreya Verma,22,Female,Sales,Intern,37693,Hyderabad,03-06-16,0,3.8,shreya.verma@company.com
1109,Aditya Kapoor,34,Female,Operations,Senior,69117,Surat,04-05-17,13,4.5,aditya.kapoor@company.com
1110,Preeti Kapoor,42,Female,Engineering,Junior,54729,Bangalore,03-11-21,20,4.1,preeti.kapoor@company.com
1111,Ritika Kapoor,47,Male,,Associate,72942,Jaipur,02-12-25,25,4.2,ritika.kapoor@company.com
1112,Vivaan Verma,42,Female,Operations,VP,218890,Bangalore,14-07-24,20,3.2,vivaan.verma@company.com
1113,Pallavi Tiwari,39,Male,Operations,Junior,59340,Pune,27-12-25,19,3.8,pallavi.tiwari@company.com
1114,Aarav Desai,53,Male,Finance,Senior,66518,Mumbai,19-11-18,31,2.9,aarav.desai@company.com
1115,Vivaan Mishra,57,Male,Finance,Senior,87547,Pune,19-03-18,35,4.2,vivaan.mishra@company.com
1116,Varun Thakur,38,Male,HR,Lead,101346,Hyderabad,08-04-19,18,4.4,varun.thakur@company.com
1117,Sneha Patel,56,Male,Sales,Senior,67600,Ahmedabad,06-06-19,35,3.9,sneha.patel@company.com
1118,Sneha Tiwari,32,Male,Sales,Intern,28237,Jaipur,28-09-24,8,3.2,sneha.tiwari@company.com
1119,Naveen Tiwari,42,Female,Engineering,Associate,,Hyderabad,26-06-21,21,3.3,naveen.tiwari@company.com
1120,Geeta Chauhan,47,Male,Product,Senior,94074,Surat,25-01-25,26,4.9,geeta.chauhan@company.com
1121,Anvi Patel,25,Female,HR,Junior,59267,Surat,04-01-24,5,3.2,anvi.patel@company.com
1122,Rahul Kumar,55,Male,Marketing,Associate,48554,Pune,28-07-21,35,4.3,rahul.kumar@company.com
1123,Sandeep Pandey,39,Male,Marketing,Intern,41990,Mumbai,16-11-23,17,3.8,sandeep.pandey@company.com
1124,Ananya Malhotra,56,Female,Support,Junior,46193,Hyderabad,25-05-24,34,3.2,ananya.malhotra@company.com
1125,Isha Sharma,50,Female,Engineering,Associate,64233,Kolkata,26-02-25,29,2.4,isha.sharma@company.com
1126,Sonal Bansal,50,Male,HR,Junior,45253,Mumbai,26-04-17,27,3.7,sonal.bansal@company.com
1127,Ritika Patel,42,Female,Marketing,Senior,81194,Ahmedabad,15-03-23,19,3.6,ritika.patel@company.com
1128,Archana Saxena,34,Female,Finance,Lead,114829,Surat,16-05-24,12,4.9,archana.saxena@company.com
1129,Aditya Kulkarni,38,Male,Engineering,Manager,111742,Pune,13-11-18,15,2.8,aditya.kulkarni@company.com
1130,Ritika Singh,30,Male,Product,Associate,46306,Chennai,10-04-25,8,5,ritika.singh@company.com
1131,Riya Thakur,22,Female,Support,Junior,33849,Surat,21-05-24,2,3.8,riya.thakur@company.com
1132,Arun Desai,23,Female,HR,Junior,42360,Jaipur,05-09-15,2,3.8,arun.desai@company.com
1133,Neha Shah,50,Male,Finance,Senior,77768,Delhi,13-03-15,26,3,neha.shah@company.com
1134,Kriti Rao,54,Female,Support,Lead,108903,Chennai,07-11-23,33,3.8,kriti.rao@company.com
1135,Kavya Joshi,31,Male,Operations,Intern,44231,Pune,09-05-17,9,3.9,kavya.joshi@company.com
1136,Shreya Mehta,,Male,Engineering,Director,163032,Kolkata,15-01-22,20,4.2,shreya.mehta@company.com
1137,Aarav Nair,,Male,HR,Junior,34195,Chennai,04-07-20,28,2.7,aarav.nair@company.com
1138,Komal Yadav,32,Female,Finance,Senior,86562,Jaipur,09-11-16,10,4.6,komal.yadav@company.com
1139,Pranav Tiwari,55,Female,Marketing,Lead,103939,Mumbai,08-10-16,32,3.8,pranav.tiwari@company.com
1140,Pooja Bhat,29,Female,Operations,Manager,128689,Kolkata,03-12-15,6,4,pooja.bhat@company.com
1141,Gaurav Gupta,43,Male,Support,Lead,114084,Surat,07-05-19,21,3.3,gaurav.gupta@company.com
1142,Reyansh Bansal,29,Male,SUPPORT,Manager,117619,Kolkata,05-04-15,7,2.8,reyansh.bansal@company.com
1143,Isha Thakur,36,Male,Marketing,Associate,54280,Hyderabad,08-08-20,13,3.6,isha.thakur@company.com
1144,Tanya Kapoor,38,Female,Engineering,Manager,112642,Jaipur,17-02-15,16,3.6,tanya.kapoor@company.com
1145,Vivaan Sharma,44,Male,Support,Junior,39369,Chennai,18-08-22,22,2.4,vivaan.sharma@company.com
1146,Vishal Bhat,45,Male,Product,Manager,124296,Hyderabad,03-03-17,24,4.1,vishal.bhat@company.com
1147,Diya Kumar,40,Female,Engineering,Senior,87793,Kolkata,06-06-20,16,4.3,diya.kumar@company.com
1148,Swati Agarwal,26,Male,Support,Manager,139492,Hyderabad,29-11-16,3,2.9,swati.agarwal@company.com
1149,Krishna Rao,53,Female,Product,Senior,80438,Bangalore,19-09-16,32,2.7,krishna.rao@company.com
1150,Riya Malhotra,22,Male,Marketing,Senior,80674,Jaipur,13-03-17,0,3.3,riya.malhotra@company.com
1151,Archana Gupta,44,Female,HR,Senior,,Ahmedabad,20-08-22,22,3.5,archana.gupta@company.com
1152,Neha Chauhan,29,Male,Sales,Lead,87994,Mumbai,15-11-24,7,3.3,neha.chauhan@company.com
1153,Pallavi Chauhan,34,Female,Engineering,Junior,55135,Kolkata,09-10-19,13,3.5,pallavi.chauhan@company.com
1154,Kavya Chauhan,29,Male,Sales,Junior,57540,Jaipur,29-10-20,7,3.7,kavya.chauhan@company.com
1155,Geeta Kapoor,44,Male,Product,Associate,60226,Ahmedabad,08-12-21,24,2.4,geeta.kapoor@company.com
1156,Bhavna Singh,22,Male,Engineering,Junior,31271,Ahmedabad,16-08-18,1,2.5,bhavna.singh@company.com
1157,Divya Joshi,,Male,Sales,Manager,111813,Pune,08-11-17,21,1.3,divya.joshi@company.com
1158,Vikram Saxena,56,Male,Sales,Associate,,Hyderabad,15-03-22,35,4.3,vikram.saxena@company.com
1159,Priya Iyer,45,Female,HR,VP,216954,Ahmedabad,24-07-15,22,3.5,priya.iyer@company.com
1160,Kabir Pandey,38,Male,Product,Associate,63845,Bangalore,04-09-24,17,4.3,kabir.pandey@company.com
1161,Tanvi Malhotra,26,Female,Sales,Junior,50504,Jaipur,17-09-20,4,2.6,tanvi.malhotra@company.com
1162,Aryan Rao,41,Female,Sales,Lead,107508,,02-02-20,19,3.5,aryan.rao@company.com
1163,Kavya Singh,42,Female,Operations,Lead,93475,Delhi,06-04-18,22,3.7,kavya.singh@company.com
1164,Kavya Iyer,52,Male,,Senior,92504,Kolkata,24-07-15,32,3.1,kavya.iyer@company.com
1165,Rohan Malhotra,57,Male,Engineering,Senior,69396,Surat,03-04-23,35,2.3,rohan.malhotra@company.com
1166,Neha Chauhan,32,Female,Marketing,Lead,94283,Hyderabad,24-10-20,8,4.9,neha.chauhan@company.com
1167,Ayaan Shah,36,Female,Engineering,Associate,58318,Surat,15-11-18,16,4.6,ayaan.shah@company.com
1168,Arun Kapoor,40,Male,Engineering,VP,207200,Ahmedabad,08-02-23,16,3.2,arun.kapoor@company.com
1169,Kavya Malhotra,28,Male,Marketing,VP,213688,,04-03-23,8,3.9,kavya.malhotra@company.com
1170,Lata Agarwal,49,Male,Marketing,Lead,108715,Kolkata,05-07-25,25,3.1,lata.agarwal@company.com
1171,Karan Iyer,26,Female,Product,Junior,30082,Chennai,28-10-17,5,2.7,karan.iyer@company.com
1172,Nikhil Patel,26,Male,Sales,Lead,86920,Ahmedabad,29-10-24,5,5,nikhil.patel@company.com
1173,Simran Pandey,51,Male,HR,Junior,37817,Hyderabad,11-09-20,29,2.2,simran.pandey@company.com
1174,Ayaan Agarwal,53,Female,Finance,Intern,26683,Delhi,01-11-16,29,3.3,ayaan.agarwal@company.com
1175,Manish Verma,29,Male,Engineering,Associate,56336,Pune,08-07-25,6,3.6,manish.verma@company.com
1176,Rohan Bhat,31,Male,Finance,Senior,80596,Jaipur,28-03-15,9,4.8,rohan.bhat@company.com
1177,Deepak Chopra,53,Female,Engineering,Manager,112093,Mumbai,25-06-17,32,4.2,deepak.chopra@company.com
1178,Sahil Sharma,49,Female,Support,Lead,97905,Surat,20-01-24,25,2.2,sahil.sharma@company.com
1179,Rakesh Bansal,38,Male,Engineering,Lead,108455,Kolkata,23-05-15,18,3.5,rakesh.bansal@company.com
1180,Aryan Malhotra,52,Male,Marketing,Senior,89351,Surat,19-11-16,29,3.5,aryan.malhotra@company.com
1181,Riya Singh,29,Male,Engineering,Associate,53367,Jaipur,08-12-16,8,3.3,riya.singh@company.com
1182,Tanvi Kapoor,46,Male,Support,Associate,50285,Surat,06-05-24,24,,tanvi.kapoor@company.com
1183,Anvi Menon,30,Female,Marketing,VP,200896,Jaipur,25-08-19,6,2.4,anvi.menon@company.com
1184,Nikhil Saxena,23,Male,HR,Intern,19937,Surat,12-11-21,0,3.2,nikhil.saxena@company.com
1185,Siddharth Mishra,36,Male,Engineering,Manager,126753,Bangalore,06-01-23,12,,siddharth.mishra@company.com
1186,Sai Gupta,24,Male,Operations,Senior,83202,Chennai,17-10-15,4,4,sai.gupta@company.com
1187,Swati Chauhan,57,Female,Engineering,Senior,83485,Ahmedabad,12-01-15,35,3.6,swati.chauhan@company.com
1188,Siddharth Mishra,25,Male,Product,Lead,97977,Ahmedabad,11-11-23,1,3.3,siddharth.mishra@company.com
1189,Tanya Sharma,35,Female,Engineering,Senior,84874,Hyderabad,15-09-16,14,3.4,tanya.sharma@company.com
1190,Yash Saxena,46,Male,Engineering,Manager,128163,Mumbai,01-04-24,24,4.1,yash.saxena@company.com
1191,Sneha Tiwari,31,Female,Engineering,Director,157674,Mumbai,28-03-16,10,3.5,sneha.tiwari@company.com
1192,Kavya Gupta,42,Female,Marketing,Senior,82748,Hyderabad,27-01-16,18,2.7,kavya.gupta@company.com
1193,Priya Yadav,57,Male,HR,Associate,68678,Pune,17-10-25,35,2.5,priya.yadav@company.com
1194,Pallavi Thakur,33,Male,Engineering,Senior,94038,Ahmedabad,13-06-21,12,2.3,pallavi.thakur@company.com
1195,Arun Joshi,48,Male,Operations,Director,,Pune,13-10-20,28,4.7,arun.joshi@company.com
1196,Siddharth Chauhan,23,Male,Marketing,Associate,74315,Jaipur,05-02-23,3,4.1,siddharth.chauhan@company.com
1197,Sneha Chopra,34,Male,HR,Senior,68676,Jaipur,13-09-23,10,3.4,sneha.chopra@company.com
1198,Amit Verma,53,Male,Marketing,Senior,67426,Delhi,17-02-18,31,3.1,amit.verma@company.com
1199,Manish Reddy,52,Male,Marketing,Lead,109648,Surat,06-12-20,29,3,manish.reddy@company.com
1200,Vivaan Thakur,37,Female,HR,Junior,54473,Mumbai,23-03-25,15,4.4,vivaan.thakur@company.com
1201,Anvi Joshi,53,Male,Engineering,Lead,87962,Delhi,16-07-22,33,5,anvi.joshi@company.com
1202,Kavya Rao,53,Female,Engineering,Director,179943,Chennai,14-11-15,32,3,kavya.rao@company.com
1203,Harsh Pandey,55,Male,Product,Junior,30859,Hyderabad,21-11-18,32,4.4,harsh.pandey@company.com
1204,Vishal Shah,32,Female,Support,Associate,57048,Hyderabad,27-05-21,8,3.5,vishal.shah@company.com
1205,Gaurav Tiwari,31,Female,Sales,VP,194138,Jaipur,16-04-20,8,3.3,gaurav.tiwari@company.com
1206,Suresh Gupta,36,Male,Sales,Junior,,Ahmedabad,22-02-21,12,4.7,suresh.gupta@company.com
1207,Pranav Yadav,38,Female,Finance,Manager,135640,,07-03-15,15,3.5,pranav.yadav@company.com
1208,Rahul Pillai,39,Male,Marketing,Senior,75409,Mumbai,26-11-20,15,,rahul.pillai@company.com
1209,Tanya Thakur,30,Male,Engineering,Associate,49017,Delhi,02-04-23,6,3.7,tanya.thakur@company.com
1210,Reyansh Yadav,46,Female,Engineering,Manager,120451,Pune,26-07-17,23,2.2,reyansh.yadav@company.com
1211,Nisha Pillai,35,Male,Operations,Senior,93327,Delhi,20-08-16,12,3.7,nisha.pillai@company.com
1212,Neha Sharma,46,Male,Finance,Senior,75278,Surat,25-10-15,22,3,neha.sharma@company.com
1213,Ayaan Iyer,43,Female,Engineering,Associate,69944,Chennai,06-04-21,23,2.4,ayaan.iyer@company.com
1214,Isha Iyer,51,Female,Engineering,Senior,75996,Chennai,08-04-21,28,3.1,isha.iyer@company.com
1215,Lata Desai,41,Female,Engineering,Junior,54726,Pune,18-07-16,19,,lata.desai@company.com
1216,Aadhya Bansal,42,Male,Finance,Associate,46134,Pune,24-12-15,21,4.3,aadhya.bansal@company.com
1217,Kabir Tiwari,53,Female,Engineering,Director,171550,Pune,26-10-18,29,2.6,kabir.tiwari@company.com
1218,Yash Pandey,42,Male,Engineering,Associate,50119,Delhi,23-11-15,18,2.9,yash.pandey@company.com
1219,Simran Yadav,56,Female,Operations,Lead,90694,Surat,11-10-22,35,3.7,simran.yadav@company.com
1220,Jyoti Bhat,53,Female,Engineering,Associate,72360,Bangalore,26-12-23,33,2.4,jyoti.bhat@company.com
1221,Karan Thakur,51,Female,Finance,Lead,107520,Pune,07-01-22,30,3,karan.thakur@company.com
1222,Jyoti Pandey,33,Female,Engineering,Junior,51869,Ahmedabad,04-06-22,10,2.2,jyoti.pandey@company.com
1223,Kunal Kulkarni,39,Male,Engineering,Director,154164,Mumbai,19-09-25,18,4.2,kunal.kulkarni@company.com
1224,Gaurav Patel,42,Female,Engineering,Senior,83730,Mumbai,07-06-21,18,3.3,gaurav.patel@company.com
1225,Aadhya Pandey,34,Female,Operations,Associate,50039,Delhi,10-03-19,13,3.5,aadhya.pandey@company.com
1226,Tanya Kumar,42,Male,Product,Junior,51281,Pune,18-06-24,20,4.2,tanya.kumar@company.com
1227,Ayaan Mishra,29,Female,Product,Junior,44631,Jaipur,06-09-25,6,2.9,ayaan.mishra@company.com
1228,Tanya Menon,28,Male,Sales,Senior,75442,Hyderabad,01-09-17,7,3.3,tanya.menon@company.com
1229,Arjun Shah,44,Female,Finance,Associate,,Bangalore,05-10-18,20,2.7,arjun.shah@company.com
1230,Naveen Patel,53,Female,Engineering,Manager,131425,Ahmedabad,06-10-23,30,2.7,naveen.patel@company.com
1231,Abhishek Gupta,32,Female,Sales,Senior,92586,Surat,03-02-21,8,2.8,abhishek.gupta@company.com
1232,Shweta Joshi,43,Male,Product,Associate,65285,Jaipur,21-07-22,23,3.1,shweta.joshi@company.com
1233,Kriti Malhotra,43,Female,Engineering,Senior,82721,Chennai,10-09-24,21,3.2,kriti.malhotra@company.com
1234,Myra Mehta,46,Male,Engineering,Lead,102568,Jaipur,21-06-15,26,3.7,myra.mehta@company.com
1235,Nikhil Desai,43,Female,Engineering,Junior,50810,Delhi,21-01-19,21,2.8,nikhil.desai@company.com
1236,Anvi Chauhan,49,Male,Engineering,Junior,31551,Bangalore,11-08-25,28,3.8,anvi.chauhan@company.com
1237,Yash Desai,50,Male,Engineering,Intern,27625,Kolkata,15-07-22,27,3.9,yash.desai@company.com
1238,Jyoti Tiwari,,Female,HR,Lead,86629,Kolkata,21-04-23,13,3.1,jyoti.tiwari@company.com
1239,Dev Tiwari,39,Male,Marketing,Lead,110903,Pune,03-09-19,17,2.9,dev.tiwari@company.com
1240,Krishna Menon,23,Female,Product,Senior,82910,Pune,21-01-23,1,3.6,krishna.menon@company.com
1241,Aarav Thakur,50,Female,Product,Manager,136249,Delhi,10-10-15,28,3.3,aarav.thakur@company.com
1242,Aarav Chopra,42,Female,Sales,Manager,111361,Surat,25-05-20,18,3.7,aarav.chopra@company.com
1243,Meera Bhat,36,Female,Sales,Senior,91149,Pune,17-08-23,13,4.8,meera.bhat@company.com
1244,Vishal Yadav,48,Male,Sales,Manager,,Hyderabad,08-03-17,27,,vishal.yadav@company.com
1245,Aarav Malhotra,52,Male,HR,Associate,49370,Bangalore,04-02-20,31,3,aarav.malhotra@company.com
1246,Aryan Shah,36,Male,Sales,Junior,,Delhi,16-12-15,16,2.8,aryan.shah@company.com
1247,Sahil Kumar,44,Male,Finance,Associate,52610,Mumbai,03-06-24,22,2.8,sahil.kumar@company.com
1248,Karan Saxena,45,Male,Marketing,Junior,40558,Chennai,01-10-19,23,2.3,karan.saxena@company.com
1249,Arun Menon,34,Female,HR,Senior,79924,Delhi,12-12-24,12,4.2,arun.menon@company.com
1250,Suresh Malhotra,43,Female,Marketing,Director,164839,Delhi,19-03-22,22,1.7,suresh.malhotra@company.com
1251,Simran Kumar,54,Male,Sales,Intern,26949,Kolkata,27-06-18,34,3.9,simran.kumar@company.com
1252,Komal Saxena,24,Female,Support,Junior,40626,,13-06-22,0,2.8,komal.saxena@company.com
1253,Rekha Bansal,40,Female,Operations,Senior,66993,Surat,30-03-18,17,3.1,rekha.bansal@company.com
1254,Rakesh Chopra,44,Female,Engineering,Director,150869,Ahmedabad,28-11-15,20,2.8,rakesh.chopra@company.com
1255,Dev Kulkarni,50,Female,Product,Associate,46014,Hyderabad,17-03-22,29,4.7,dev.kulkarni@company.com
1256,Rakesh Menon,51,Male,Marketing,Senior,75103,,02-08-21,29,3.5,rakesh.menon@company.com
1257,Isha Thakur,46,Male,Product,Intern,31986,Kolkata,28-04-22,23,4.1,isha.thakur@company.com
1258,Vishal Mishra,29,Male,Operations,Junior,42013,Mumbai,28-12-20,8,4.5,vishal.mishra@company.com
1259,Shreya Singh,37,Male,Marketing,VP,190690,Hyderabad,26-01-22,16,3.6,shreya.singh@company.com
1260,Kavya Bhat,29,Female,Engineering,Director,175069,Ahmedabad,26-01-17,8,2.5,kavya.bhat@company.com
1261,Amit Thakur,22,Female,Sales,Intern,31873,Delhi,23-10-17,0,3.3,amit.thakur@company.com
1262,Ishaan Pandey,26,Male,HR,Director,173248,Pune,03-06-23,3,2.9,ishaan.pandey@company.com
1263,Rakesh Singh,24,Male,,Senior,88624,Pune,08-06-18,4,3.1,rakesh.singh@company.com
1264,Meera Kulkarni,22,Female,Sales,Manager,120748,Jaipur,13-09-18,2,3.4,meera.kulkarni@company.com
1265,Ishaan Thakur,25,Male,Engineering,Senior,94061,Chennai,23-11-18,1,3.4,ishaan.thakur@company.com
1266,Riya Thakur,56,Male,Product,Senior,89170,Surat,27-11-18,33,3.8,riya.thakur@company.com
1267,Aarav Chauhan,53,Female,SUPPORT,Senior,73024,Hyderabad,04-08-25,30,3.9,aarav.chauhan@company.com
1268,Rakesh Pillai,55,Male,HR,Lead,101678,Chennai,18-11-21,32,3.4,rakesh.pillai@company.com
1269,Vihaan Malhotra,46,Male,Engineering,Junior,35488,Surat,31-10-16,26,3.8,vihaan.malhotra@company.com
1270,Rahul Malhotra,31,Male,Sales,Intern,35411,Chennai,25-09-22,10,3.1,rahul.malhotra@company.com
1271,Vivaan Kapoor,42,Female,Engineering,Associate,56035,Ahmedabad,01-02-25,20,4.6,vivaan.kapoor@company.com
1272,Sneha Agarwal,48,Female,Product,Lead,104296,Surat,22-05-15,28,3,sneha.agarwal@company.com
1273,Rahul Menon,48,Male,Engineering,Associate,71293,Ahmedabad,19-05-18,25,4.5,rahul.menon@company.com
1274,Pranav Gupta,23,Male,HR,Lead,112172,Delhi,13-09-20,3,2.3,pranav.gupta@company.com
1275,Kavya Sharma,34,Male,Sales,Director,171128,Kolkata,29-05-24,10,3.2,kavya.sharma@company.com
1276,Aryan Desai,30,Female,HR,Junior,48257,Ahmedabad,16-11-15,7,3.2,aryan.desai@company.com
1277,Harsh Kumar,57,Female,Finance,Lead,97855,Pune,14-12-23,33,3.7,harsh.kumar@company.com
1278,Diya Gupta,43,Male,Product,Senior,84642,Chennai,04-06-21,20,4.2,diya.gupta@company.com
1279,Dhruv Sharma,47,Female,Engineering,Manager,112817,Jaipur,18-01-20,27,2.5,dhruv.sharma@company.com
1280,Anjali Reddy,33,Male,Engineering,Junior,55020,Bangalore,05-08-21,12,2.6,anjali.reddy@company.com
1281,Harsh Menon,38,Male,Engineering,Lead,105025,Surat,30-01-19,16,2.4,harsh.menon@company.com
1282,Rajesh Pillai,35,Male,Product,Manager,114458,Hyderabad,09-02-16,11,4.6,rajesh.pillai@company.com
1283,Diya Iyer,35,Male,Product,Director,155307,Jaipur,09-12-17,15,3.7,diya.iyer@company.com
1284,Vivaan Saxena,55,Male,HR,Lead,93933,Pune,11-08-22,34,2.6,vivaan.saxena@company.com
1285,Tanvi Tiwari,41,Male,Finance,Senior,83425,Ahmedabad,11-05-17,21,3.1,tanvi.tiwari@company.com
1286,Ayaan Saxena,32,Male,Finance,Senior,82063,Kolkata,23-09-16,8,4.4,ayaan.saxena@company.com
1287,Suresh Reddy,37,Female,Engineering,Manager,120659,Delhi,28-03-22,15,3.3,suresh.reddy@company.com
1288,Meera Desai,52,Male,Product,Senior,,Bangalore,11-08-22,32,3.2,meera.desai@company.com
1289,Reyansh Singh,27,Female,Marketing,Intern,20738,Mumbai,13-05-19,4,2.9,reyansh.singh@company.com
1290,Jyoti Mishra,40,Female,Sales,Director,155668,Jaipur,30-01-23,19,2.7,jyoti.mishra@company.com
1291,Geeta Saxena,25,Male,Marketing,Lead,110934,Kolkata,17-04-25,5,4.4,geeta.saxena@company.com
1292,Nisha Yadav,25,Male,,Lead,99427,Mumbai,12-10-22,4,4.8,nisha.yadav@company.com
1293,Rohan Saxena,41,Male,Engineering,Associate,52697,Bangalore,30-06-16,18,2.7,rohan.saxena@company.com
1294,Nisha Reddy,31,Male,Operations,Lead,,Hyderabad,29-05-21,9,4.6,nisha.reddy@company.com
1295,Sonal Chauhan,45,Male,Engineering,Associate,61446,Hyderabad,03-08-16,23,3.1,sonal.chauhan@company.com
1296,Sahil Gupta,56,Female,Finance,Lead,92829,Chennai,15-11-20,33,3.9,sahil.gupta@company.com
1297,Kunal Gupta,47,Female,Engineering,Junior,40751,Bangalore,03-11-20,26,4.6,kunal.gupta@company.com
1298,Nisha Mehta,42,Male,Sales,Lead,98450,Bangalore,28-12-24,22,3.4,nisha.mehta@company.com
1299,Rahul Tiwari,42,Female,Sales,VP,218345,  Mumbai  ,22-12-24,19,3.2,rahul.tiwari@company.com
1300,Dev Kumar,31,Male,Sales,Intern,22352,Kolkata,01-04-22,7,4.1,dev.kumar@company.com
1301,Diya Kapoor,25,Female,Operations,VP,203516,Surat,25-01-22,4,2.6,diya.kapoor@company.com
1302,Shweta Pillai,41,Female,Sales,Senior,88299,Mumbai,05-11-23,19,4.4,shweta.pillai@company.com
1303,Amit Yadav,38,Female,HR,Manager,,Delhi,26-03-19,15,,amit.yadav@company.com
1304,Nikhil Kapoor,28,Male,Marketing,Lead,93326,Hyderabad,03-11-23,6,3,nikhil.kapoor@company.com
1305,Dev Kulkarni,25,Male,Finance,Senior,68644,Hyderabad,27-08-21,4,3,dev.kulkarni@company.com
1306,Myra Agarwal,50,Female,Support,Lead,106354,Chennai,08-03-23,28,2.4,myra.agarwal@company.com
1307,Riya Kapoor,35,Male,,Manager,139493,Delhi,15-11-23,12,3.1,riya.kapoor@company.com
1308,Diya Saxena,24,Female,Engineering,Senior,91711,Hyderabad,28-01-22,3,3.3,diya.saxena@company.com
1309,Riya Menon,45,Male,Engineering,Associate,53003,Mumbai,15-02-22,21,2.7,riya.menon@company.com
1310,Krishna Shah,37,Male,Sales,Lead,88278,Delhi,10-09-17,14,3.5,krishna.shah@company.com
1311,Deepak Iyer,25,Male,HR,Manager,117296,Mumbai,06-01-18,5,3.9,deepak.iyer@company.com
1312,Kriti Desai,45,Male,Engineering,Lead,,Surat,20-04-17,22,3.3,kriti.desai@company.com
1313,Isha Mishra,55,Female,Marketing,Lead,88074,Surat,30-11-17,34,4,isha.mishra@company.com
1314,Rakesh Gupta,51,Male,HR,Senior,78261,Hyderabad,10-09-22,28,2.9,rakesh.gupta@company.com
1315,Diya Yadav,39,Male,Sales,Manager,121173,Hyderabad,26-05-25,15,4.3,diya.yadav@company.com
1316,Kriti Agarwal,40,Male,Operations,Junior,38312,Kolkata,26-05-19,16,3.6,kriti.agarwal@company.com
1317,Aishwarya Tiwari,52,Male,Engineering,Senior,88936,Surat,25-04-16,32,4.7,aishwarya.tiwari@company.com
1318,Isha Yadav,40,Male,Engineering,Intern,,Jaipur,18-02-22,18,5,isha.yadav@company.com
1319,Shreya Pillai,40,Male,Operations,Associate,58652,Jaipur,09-07-17,19,3.1,shreya.pillai@company.com
1320,Aishwarya Reddy,43,Female,Marketing,Associate,50103,Chennai,26-10-19,22,3.2,aishwarya.reddy@company.com
1321,Jyoti Shah,45,Male,Finance,Associate,70500,Surat,10-02-25,23,3.3,jyoti.shah@company.com
1322,Sara Thakur,33,Male,Marketing,Lead,102028,,15-03-22,9,4,sara.thakur@company.com
1323,Arjun Gupta,51,Male,Engineering,Associate,47032,Mumbai,23-04-15,27,4.6,arjun.gupta@company.com
1324,Geeta Mehta,52,Male,Product,Senior,67761,Pune,20-06-15,29,3,geeta.mehta@company.com
1325,Lata Rao,57,Female,Operations,Associate,60195,Delhi,23-12-21,35,3.8,lata.rao@company.com
1326,Madhuri Thakur,40,Male,Finance,Associate,63452,Ahmedabad,14-07-22,20,3.4,madhuri.thakur@company.com
1327,Anvi Saxena,57,Male,Sales,Associate,61625,Jaipur,27-09-15,35,4,anvi.saxena@company.com
1328,Reyansh Iyer,51,Female,HR,Junior,32668,Hyderabad,24-02-23,28,4.7,reyansh.iyer@company.com
1329,Myra Joshi,54,Male,Sales,Senior,79638,Chennai,31-05-22,34,3.3,myra.joshi@company.com
1330,Gaurav Rao,39,Male,Engineering,Lead,100954,ahmedabad,14-03-16,17,2.2,gaurav.rao@company.com
1331,Pranav Agarwal,49,Female,Product,Senior,82186,Bangalore,11-07-23,26,4.1,pranav.agarwal@company.com
1332,Kabir Kumar,32,Female,Engineering,Senior,86443,Chennai,19-11-18,10,2.8,kabir.kumar@company.com
1333,Rajesh Kumar,54,Female,Support,Associate,57356,Bangalore,11-11-16,31,3.4,rajesh.kumar@company.com
1334,Divya Desai,38,Male,Marketing,Manager,139824,Surat,14-07-23,18,4.1,divya.desai@company.com
1335,Ayaan Malhotra,27,Male,Engineering,Senior,65195,Bangalore,03-03-23,5,3.7,ayaan.malhotra@company.com
1336,Dhruv Pandey,25,Male,HR,Senior,67187,Bangalore,12-12-21,3,3.4,dhruv.pandey@company.com
1337,Anvi Shah,41,Male,Product,Intern,26707,Kolkata,24-02-15,19,3,anvi.shah@company.com
1338,Akash Singh,48,Female,Operations,Associate,47330,Kolkata,15-10-24,25,1.2,akash.singh@company.com
1339,Nisha Patel,36,Male,Product,Associate,71935,Kolkata,17-10-24,15,4.1,nisha.patel@company.com
1340,Pooja Desai,27,Female,Finance,Associate,66225,Surat,23-03-23,7,3.3,pooja.desai@company.com
1341,Aryan Menon,35,Female,Finance,Senior,68606,Ahmedabad,26-06-23,13,4.7,aryan.menon@company.com
1342,Pallavi Shah,32,Male,Product,Senior,89852,Chennai,21-08-19,11,3.8,pallavi.shah@company.com
1343,Madhuri Thakur,30,Male,Engineering,Senior,65060,Chennai,26-08-15,10,,madhuri.thakur@company.com
1344,Riya Shah,47,Female,Marketing,Lead,112966,Hyderabad,22-01-18,27,4.4,riya.shah@company.com
1345,Arun Pillai,37,Male,Engineering,Manager,136489,Kolkata,11-03-22,15,4.4,arun.pillai@company.com
1346,Myra Mehta,26,Female,Support,Lead,99387,Surat,23-06-22,4,3.3,myra.mehta@company.com
1347,Jyoti Kulkarni,31,Male,Support,Director,153927,Hyderabad,30-05-18,8,4.5,jyoti.kulkarni@company.com
1348,Bhavna Saxena,24,Male,Engineering,Intern,21296,Delhi,10-06-22,3,3.1,bhavna.saxena@company.com
1349,Shreya Sharma,34,Female,Operations,Junior,43622,Hyderabad,26-07-16,13,3.6,shreya.sharma@company.com
1350,Aditya Pillai,51,Female,Support,Intern,29125,Ahmedabad,30-01-24,29,4,aditya.pillai@company.com
1351,Dev Yadav,27,Male,Engineering,Senior,67591,Jaipur,07-03-19,7,4.1,dev.yadav@company.com
1352,Yash Bansal,38,Female,HR,Manager,135142,Bangalore,25-05-15,16,4,yash.bansal@company.com
1353,Vikram Chauhan,40,Male,Product,Associate,57127,Kolkata,13-11-18,20,3.2,vikram.chauhan@company.com
1354,Kavya Patel,56,Female,Engineering,Director,165748,Jaipur,07-01-15,35,4.4,kavya.patel@company.com
1355,Sai Thakur,47,Female,Finance,Junior,56147,  Hyderabad  ,29-03-15,25,3.4,sai.thakur@company.com
1356,Varun Pillai,26,Male,Sales,Director,179293,Surat,26-10-18,2,,varun.pillai@company.com
1357,Sneha Pillai,50,Male,Support,Associate,51121,Bangalore,13-12-18,29,3.1,sneha.pillai@company.com
1358,Aryan Chopra,41,Female,Support,Junior,31200,Chennai,02-08-15,21,5,aryan.chopra@company.com
1359,Rohan Malhotra,42,Male,Support,Senior,80721,Mumbai,08-01-15,22,2.9,rohan.malhotra@company.com
1360,Geeta Bansal,31,Female,Marketing,Associate,73985,,13-10-15,7,4.5,geeta.bansal@company.com
1361,Nisha Gupta,26,Male,Product,Associate,64238,Ahmedabad,07-09-25,3,2.6,nisha.gupta@company.com
1362,Riya Kulkarni,57,Female,Product,Associate,56087,Ahmedabad,27-02-16,33,3.9,riya.kulkarni@company.com
1363,Komal Mehta,27,Female,Sales,Manager,133408,Hyderabad,14-01-18,3,3.7,komal.mehta@company.com
1364,Abhishek Rao,,Female,Product,Senior,90812,Delhi,20-03-22,27,4.8,abhishek.rao@company.com
1365,Kunal Iyer,25,Male,Engineering,Associate,51972,Ahmedabad,28-04-15,4,,kunal.iyer@company.com
1366,Aadhya Sharma,56,Female,HR,Senior,65136,Ahmedabad,12-09-17,32,2.8,aadhya.sharma@company.com
1367,Pallavi Pandey,22,Female,Engineering,Lead,102413,Surat,22-05-17,0,3.4,pallavi.pandey@company.com
1368,Aditya Malhotra,45,Male,Engineering,Associate,60346,Hyderabad,08-08-17,23,4.8,aditya.malhotra@company.com
1369,Komal Nair,57,Male,Engineering,Senior,91732,Bangalore,11-05-16,33,2.8,komal.nair@company.com
1370,Diya Reddy,27,Male,Finance,Junior,48978,Delhi,24-11-21,3,1.4,diya.reddy@company.com
1371,Isha Joshi,52,Female,Sales,Junior,53590,Jaipur,29-09-18,29,3.5,isha.joshi@company.com
1372,Lata Chauhan,41,Male,Operations,Lead,85661,Mumbai,14-11-25,20,4.3,lata.chauhan@company.com
1373,Deepak Mishra,45,Male,Engineering,Junior,32472,Kolkata,21-01-16,21,2.7,deepak.mishra@company.com
1374,Ayaan Thakur,46,Female,Sales,Senior,92253,Chennai,17-09-19,22,4.2,ayaan.thakur@company.com
1375,Nisha Thakur,57,Male,HR,Lead,111884,Ahmedabad,26-04-18,35,2.7,nisha.thakur@company.com
1376,Ayaan Thakur,42,Male,Operations,Junior,30086,Hyderabad,02-10-25,19,3.4,ayaan.thakur@company.com
1377,Tanya Mehta,51,Female,Sales,Senior,,Kolkata,08-02-23,27,4.1,tanya.mehta@company.com
1378,Deepak Bansal,45,Female,Finance,Associate,51219,Chennai,06-08-25,24,2.6,deepak.bansal@company.com
1379,Mohit Singh,51,Male,Product,Director,174527,Chennai,12-04-15,27,3.6,mohit.singh@company.com
1380,Sahil Agarwal,43,Male,Finance,Senior,81322,Jaipur,25-06-24,21,4.5,sahil.agarwal@company.com
1381,Yash Kapoor,49,Female,Engineering,Manager,124749,,20-06-20,29,3.9,yash.kapoor@company.com
1382,Sonal Sharma,28,Male,Engineering,Senior,71968,Jaipur,06-05-24,6,2.9,sonal.sharma@company.com
1383,Sunita Bansal,56,Male,Product,Intern,32152,Pune,17-05-20,32,4.7,sunita.bansal@company.com
1384,Rajesh Pillai,49,Male,Engineering,Senior,84157,Pune,04-12-21,26,4,rajesh.pillai@company.com
1385,Siddharth Gupta,35,Male,Product,Director,177080,Chennai,08-11-23,15,2,siddharth.gupta@company.com
1386,Sai Mehta,31,Female,HR,Senior,78596,Jaipur,09-11-22,9,4.2,sai.mehta@company.com
1387,Rakesh Chopra,37,Male,Support,Manager,137886,Surat,20-08-19,16,3,rakesh.chopra@company.com
1388,Vikram Verma,37,Female,Operations,Manager,111700,Ahmedabad,18-10-16,14,3.7,vikram.verma@company.com
1389,Ishaan Chauhan,52,Female,Support,Associate,73246,Kolkata,30-04-19,30,4.3,ishaan.chauhan@company.com
1390,Nikhil Mehta,46,Male,Sales,Associate,47700,Kolkata,29-03-19,25,3.1,nikhil.mehta@company.com
1391,Arjun Tiwari,34,Female,Operations,Senior,88199,Pune,17-11-24,10,2.2,arjun.tiwari@company.com
1392,Kavya Pandey,27,Female,Marketing,Senior,76821,Chennai,14-02-17,6,4.7,kavya.pandey@company.com
1393,Dhruv Mehta,30,Male,Marketing,Manager,139166,Hyderabad,12-03-21,8,,dhruv.mehta@company.com
1394,Kunal Nair,,Male,Finance,Director,168031,Bangalore,12-11-16,35,3.4,kunal.nair@company.com
1395,Suresh Yadav,41,Female,Product,Associate,67422,Bangalore,31-01-22,17,4.2,suresh.yadav@company.com
1396,Ritika Agarwal,39,Female,Support,Associate,66548,Pune,13-12-22,18,3.2,ritika.agarwal@company.com
1397,Kunal Pillai,42,Female,Operations,Lead,90520,Hyderabad,01-04-21,21,,kunal.pillai@company.com
1398,Kavya Verma,25,Male,Marketing,Associate,43212,Pune,20-03-18,1,3.4,kavya.verma@company.com
1399,Aarav Mishra,,Female,Marketing,Manager,113687,Bangalore,15-09-16,33,3.2,aarav.mishra@company.com
1400,Shweta Patel,48,Male,Operations,Senior,81980,Hyderabad,11-10-17,24,3.8,shweta.patel@company.com
1401,Rakesh Kumar,28,Male,Engineering,Lead,105929,Jaipur,30-04-24,5,2.5,rakesh.kumar@company.com
1402,Aditya Mishra,27,Female,Engineering,Junior,55060,Chennai,16-03-18,5,3.3,aditya.mishra@company.com
1403,Amit Kumar,36,Male,Sales,Senior,73837,Kolkata,12-09-16,13,3.8,amit.kumar@company.com
1404,Aishwarya Kumar,39,Male,Sales,Senior,79955,Surat,21-12-16,19,5,aishwarya.kumar@company.com
1405,Madhuri Reddy,53,Male,Sales,Senior,76281,Delhi,13-05-23,33,2.6,madhuri.reddy@company.com
1406,Anvi Mishra,32,Male,Engineering,Junior,43917,Chennai,30-06-24,12,3.9,anvi.mishra@company.com
1407,Rekha Rao,41,Male,Engineering,Lead,89757,Jaipur,26-04-25,17,4,rekha.rao@company.com
1408,Aarav Desai,45,Female,Engineering,Manager,123045,Bangalore,14-04-21,24,2,aarav.desai@company.com
1409,Akash Pillai,36,Male,Support,Associate,65768,Jaipur,27-06-23,13,3.8,akash.pillai@company.com
1410,Vihaan Bhat,28,Female,Marketing,Junior,38912,Pune,26-09-17,5,4.2,vihaan.bhat@company.com
1411,Dhruv Kapoor,42,Female,Sales,Intern,19733,Hyderabad,15-01-23,19,4,dhruv.kapoor@company.com
1412,Sneha Verma,47,Female,Finance,Senior,72081,Kolkata,30-08-20,24,3.4,sneha.verma@company.com
1413,Bhavna Shah,35,Male,Engineering,Senior,73690,Ahmedabad,21-04-23,15,3.8,bhavna.shah@company.com
1414,Suresh Thakur,42,Female,Support,Senior,88501,Pune,03-04-22,19,3.6,suresh.thakur@company.com
1415,Meera Pandey,39,Male,Operations,Associate,66113,Chennai,30-05-20,18,2.1,meera.pandey@company.com
1416,Aditya Agarwal,26,Female,Engineering,Associate,46673,Pune,20-03-15,6,3.7,aditya.agarwal@company.com
1417,Pranav Menon,24,Female,Marketing,Senior,79318,Chennai,15-09-15,1,3.2,pranav.menon@company.com
1418,Dhruv Pandey,44,Female,Product,Senior,92643,Ahmedabad,21-12-20,20,2.9,dhruv.pandey@company.com
1419,Arjun Bhat,47,Male,Support,VP,216954,Mumbai,04-03-17,25,5,arjun.bhat@company.com
1420,Komal Kapoor,45,Female,Marketing,Junior,41171,Kolkata,28-08-18,23,4.5,komal.kapoor@company.com
1421,Abhishek Tiwari,40,Male,Finance,Lead,114345,Surat,29-05-17,18,2.6,abhishek.tiwari@company.com
1422,Vandana Kumar,46,Female,Engineering,Senior,91312,Surat,01-02-17,26,3.8,vandana.kumar@company.com
1423,Sara Verma,42,Female,Support,Senior,78545,Delhi,07-11-15,19,4.7,sara.verma@company.com
1424,Geeta Desai,33,Male,Engineering,Lead,96803,Jaipur,27-01-19,13,2.3,geeta.desai@company.com
1425,Divya Bansal,,Female,Support,Lead,108562,Mumbai,15-09-22,33,3.6,divya.bansal@company.com
1426,Divya Mehta,25,Male,Finance,VP,216954,Surat,23-01-19,1,3.6,divya.mehta@company.com
1427,Nikhil Chopra,28,Male,Finance,Junior,32294,Pune,25-06-17,4,2.5,nikhil.chopra@company.com
1428,Simran Verma,43,Male,Marketing,Junior,33630,Jaipur,22-02-19,21,3.8,simran.verma@company.com
1429,Kriti Yadav,54,Male,Engineering,Lead,100093,Mumbai,09-10-16,32,4.4,kriti.yadav@company.com
1430,Divya Sharma,38,Female,Engineering,Senior,81530,Hyderabad,15-12-17,16,4.7,divya.sharma@company.com
1431,Vandana Bansal,45,Male,Engineering,Associate,59453,Hyderabad,27-06-20,22,3.3,vandana.bansal@company.com
1432,Nikhil Tiwari,55,Male,Engineering,Junior,42174,jaipur,12-05-18,34,5,nikhil.tiwari@company.com
1433,Simran Kapoor,49,Female,Operations,Junior,33453,Chennai,08-11-15,28,,simran.kapoor@company.com
1434,Arjun Saxena,43,Female,Sales,Manager,114507,Chennai,21-07-18,22,3.8,arjun.saxena@company.com
1435,Vihaan Reddy,38,Female,Engineering,Junior,52167,Pune,29-10-18,17,2.4,vihaan.reddy@company.com
1436,Preeti Kapoor,55,Female,Support,Associate,69135,Mumbai,24-04-20,33,3.6,preeti.kapoor@company.com
1437,Madhuri Kapoor,27,Female,Product,Associate,55602,Mumbai,18-02-20,3,3.1,madhuri.kapoor@company.com
1438,Rakesh Verma,27,Male,Support,Associate,50628,Jaipur,22-02-24,5,3.9,rakesh.verma@company.com
1439,Sai Mishra,55,Male,Support,Junior,38328,Bangalore,08-09-18,34,3.4,sai.mishra@company.com
1440,Kabir Pillai,,Female,Engineering,Senior,80534,Hyderabad,07-11-23,0,2.8,kabir.pillai@company.com
1441,Harsh Malhotra,31,Male,Sales,Junior,49744,Mumbai,30-08-17,10,2.9,harsh.malhotra@company.com
1442,Geeta Desai,,Female,Operations,Manager,129389,Jaipur,13-06-24,22,5,geeta.desai@company.com
1443,Amit Tiwari,26,Male,Finance,Associate,48552,Ahmedabad,10-11-23,2,3.9,amit.tiwari@company.com
1444,Archana Nair,23,Male,Engineering,Senior,81402,Delhi,22-08-16,3,2.1,archana.nair@company.com
1445,Isha Joshi,43,Male,Product,Manager,112242,Ahmedabad,09-11-15,20,3.9,isha.joshi@company.com
1446,Vihaan Joshi,23,Female,Engineering,Lead,,Kolkata,01-05-15,1,3.3,vihaan.joshi@company.com
1447,Vihaan Chauhan,31,Female,Engineering,Senior,87702,Pune,18-10-23,8,3.5,vihaan.chauhan@company.com
1448,Vikram Gupta,55,Female,HR,Associate,50097,Mumbai,07-09-23,33,4.2,vikram.gupta@company.com
1449,Arun Agarwal,37,Male,HR,Associate,53640,Kolkata,04-04-19,17,4.4,arun.agarwal@company.com
1450,Sneha Mehta,43,Male,HR,Lead,86948,Surat,16-08-15,22,2.8,sneha.mehta@company.com
1451,Aryan Thakur,33,Female,Engineering,VP,216954,Kolkata,01-03-25,12,3.5,aryan.thakur@company.com
1452,Simran Desai,45,Female,Product,Lead,90618,Jaipur,26-01-15,23,3.1,simran.desai@company.com
1453,Rohan Kumar,31,Male,Sales,Senior,69236,Mumbai,02-06-20,10,4,rohan.kumar@company.com
1454,Gaurav Saxena,56,Female,Engineering,Lead,108285,Delhi,01-06-24,35,3.3,gaurav.saxena@company.com
1455,Karan Mishra,53,Male,Product,Senior,66920,Jaipur,18-05-23,32,3.5,karan.mishra@company.com
1456,Sandeep Sharma,28,Male,Support,Junior,41169,Jaipur,03-12-21,8,3.3,sandeep.sharma@company.com
1457,Arjun Rao,42,Male,Product,Senior,69188,Pune,18-03-23,19,3.4,arjun.rao@company.com
1458,Diya Thakur,41,Female,Product,Director,162207,Pune,30-01-15,21,4.9,diya.thakur@company.com
1459,Siddharth Verma,47,Female,Finance,Junior,30238,Hyderabad,13-04-17,23,5,siddharth.verma@company.com
1460,Kunal Iyer,25,Male,,Lead,85204,Hyderabad,26-02-17,1,3.8,kunal.iyer@company.com
1461,Akash Agarwal,43,Female,Engineering,Associate,55799,Chennai,09-02-19,19,,akash.agarwal@company.com
1462,Sonal Thakur,36,Male,Marketing,Senior,70552,Bangalore,13-09-17,14,2.2,sonal.thakur@company.com
1463,Abhishek Yadav,42,Male,Sales,Junior,58916,Mumbai,28-06-22,20,2.9,abhishek.yadav@company.com
1464,Preeti Bhat,36,Male,Sales,Senior,69927,Mumbai,16-09-19,14,3.4,preeti.bhat@company.com
1465,Yash Malhotra,43,Male,Operations,Lead,112964,Kolkata,28-10-21,23,2.9,yash.malhotra@company.com
1466,Aryan Kapoor,49,Male,Marketing,Associate,56164,Mumbai,21-02-19,27,3,aryan.kapoor@company.com
1467,Suresh Singh,35,Female,Engineering,Lead,89390,  Mumbai  ,17-07-22,12,4.8,suresh.singh@company.com
1468,Aarav Joshi,48,Female,Engineering,Lead,104071,Bangalore,07-08-24,24,3.5,aarav.joshi@company.com
1469,Kriti Chopra,49,Male,Finance,Director,5654,surat,11-07-25,29,3.6,kriti.chopra@company.com
1470,Abhishek Chauhan,47,Male,Engineering,Associate,60641,Hyderabad,24-03-20,23,3,abhishek.chauhan@company.com
1471,Sara Thakur,23,Male,Product,Associate,51160,Hyderabad,30-04-20,1,4.4,sara.thakur@company.com
1472,Deepak Tiwari,46,Male,Marketing,Junior,58742,Delhi,01-06-15,26,3.3,deepak.tiwari@company.com
1473,Rekha Chauhan,24,Male,Marketing,VP,211772,Mumbai,10-06-17,3,3.1,rekha.chauhan@company.com
1474,Vivaan Pillai,29,Female,HR,Director,175924,Bangalore,22-05-18,6,2.2,vivaan.pillai@company.com
1475,Suresh Iyer,54,Male,Product,Senior,,Hyderabad,08-07-20,32,3.5,suresh.iyer@company.com
1476,Ritika Chauhan,56,Female,Sales,Manager,125810,Bangalore,04-02-17,34,,ritika.chauhan@company.com
1477,Reyansh Gupta,27,Female,Finance,Senior,70126,Ahmedabad,14-04-16,4,,reyansh.gupta@company.com
1478,Amit Iyer,,Male,HR,Senior,65816,Surat,23-05-19,21,5,amit.iyer@company.com
1479,Priya Thakur,46,Female,Sales,Junior,43414,Mumbai,20-12-20,25,2.5,priya.thakur@company.com
1480,Divya Gupta,,Female,Product,Lead,110396,Delhi,05-02-20,18,2.6,divya.gupta@company.com
1481,Aadhya Yadav,26,Female,Operations,Junior,30192,Kolkata,20-10-21,4,3.3,aadhya.yadav@company.com
1482,Deepak Reddy,32,Male,Finance,Manager,128160,Hyderabad,06-11-18,8,2.8,deepak.reddy@company.com
1483,Shreya Yadav,33,Male,PRODUCT,Lead,88645,Ahmedabad,22-11-20,13,3.7,shreya.yadav@company.com
1484,Anvi Shah,31,Male,Product,Lead,97816,Bangalore,10-07-23,11,3.2,anvi.shah@company.com
1485,Varun Yadav,29,Male,Operations,Intern,21314,Pune,04-10-18,5,3.7,varun.yadav@company.com
1486,Anvi Pillai,45,Male,Product,Associate,69826,Jaipur,02-04-24,25,4.3,anvi.pillai@company.com
1487,Vikram Singh,49,Female,Finance,Associate,63172,Mumbai,27-02-18,26,2.6,vikram.singh@company.com
1488,Ishaan Gupta,57,Male,Finance,Associate,52374,Mumbai,15-10-15,35,4.3,ishaan.gupta@company.com
1489,Priya Chopra,42,Female,Finance,Junior,33700,Ahmedabad,24-10-16,22,2.9,priya.chopra@company.com
1490,Meera Chopra,29,Female,Operations,Director,160655,Bangalore,02-10-25,5,5,meera.chopra@company.com
1491,Ayaan Joshi,30,Male,Engineering,Senior,80129,Chennai,30-09-25,9,4.8,ayaan.joshi@company.com
1492,Gaurav Rao,36,Male,Product,Associate,54359,Mumbai,02-04-18,16,,gaurav.rao@company.com
1493,Sai Kulkarni,39,Female,Product,Associate,48893,Chennai,13-08-21,19,2.7,sai.kulkarni@company.com
1494,Suresh Verma,41,Female,Engineering,Senior,71811,Pune,10-11-17,20,2.6,suresh.verma@company.com
1495,Ritika Chauhan,27,Female,Product,Senior,74288,Ahmedabad,19-08-15,3,4.2,ritika.chauhan@company.com
1496,Ritika Pillai,,Male,Engineering,Senior,84063,Bangalore,12-02-23,12,3.5,ritika.pillai@company.com
1497,Sandeep Kumar,23,Male,Sales,Director,176423,Bangalore,25-03-15,0,4.2,sandeep.kumar@company.com
1498,Kavya Mishra,28,Male,Operations,Senior,85288,Surat,30-12-17,5,,kavya.mishra@company.com
1499,Karan Mishra,37,Male,Engineering,VP,213644,Jaipur,24-10-15,13,2.9,karan.mishra@company.com
1500,Sandeep Patel,24,Female,,Manager,110504,Hyderabad,01-03-23,1,2.5,sandeep.patel@company.com
1501,Pallavi Chauhan,34,Female,Engineering,Junior,55135,kolkata,09-10-19,13,3.5,pallavi.chauhan@company.com
1502,Geeta Nair,45,Female,Engineering,Senior,91113,Kolkata,04-03-21,24,3.6,geeta.nair@company.com
1503,Aditya Mishra,27,Female,Engineering,Junior,55060,Chennai,16-03-18,5,3.3,aditya.mishra@company.com
1504,Shweta Pillai,41,Female,Sales,Senior,88299,Mumbai,05-11-23,19,4.4,shweta.pillai@company.com
1505,Rakesh Chopra,37,Male,Support,Manager,137886,Surat,20-08-19,16,3,rakesh.chopra@company.com
1001,Kriti Saxena,33,Male,Engineering,Manager,133646,Delhi,25-04-24,10,3.5,kriti.saxena@company.com
1004,Rohan Shah,51,Male,Sales,Associate,72798,Mumbai,11-03-15,30,,rohan.shah@company.com
1007,Karan Mishra,35,Male,Engineering,Senior,82266,Delhi,12-02-24,12,2.8,karan.mishra@company.com
1009,Nikhil Patel,24,Female,Marketing,Senior,85452,Jaipur,14-01-17,1,4.2,nikhil.patel@company.com
1481,Aadhya Yadav,26,Female,Operations,Junior,30192,Kolkata,20-10-21,4,3.3,aadhya.yadav@company.com
1485,Varun Yadav,29,Male,Operations,Intern,21314,Pune,04-10-18,5,3.7,varun.yadav@company.com
1488,Ishaan Gupta,57,Male,Finance,Associate,52374,Mumbai,15-10-15,35,4.3,ishaan.gupta@company.com
1491,Ayaan Joshi,30,Male,Engineering,Senior,80129,Chennai,30-09-25,9,4.8,ayaan.joshi@company.com
1493,Sai Kulkarni,39,Female,Product,Associate,48893,Chennai,13-08-21,19,2.7,sai.kulkarni@company.com
1495,Ritika Chauhan,27,Female,Product,Senior,74288,Ahmedabad,19-08-15,3,4.2,ritika.chauhan@company.com
